"time";"comment";"AUC";"classifier";"nObs";"discretizeLabs";"parameters";"typeFeatureSelection";"numFeaturesIn";"featuresIn";"numFeaturesSelected";"featuresSelected";"numFeaturesFinal";"featuresFinal"
"2015-07-30 17:58:19";"";0.809041440155716;"Random Forest";646;"False";"mtry3";"rfe";45;"ethnic;sex;diabetes_no_compl;diabetes_with_compl;chf;cardiovascular;peripheral_artery_disease;hypertension;COPD_lung;dementia;arthropathies;hepatitis_c;infarct;ulcer;cancer;benign_or_uncertain_tumor;cerebrovascular;cci;primary_renal_disease;albumin;calcium;calcXphosph;potassium;creatinine;ferritin;epogen_usage;access_problem;access_flow_poor;all_cramps;bp_problem;arterial_press_decreased;arterial_press_increased;multiple_needle_sticks;venous_press_increased;infiltration_needle;pain_chest;pain_leg;pain_elsewhere;nausea_vomiting;headache;bmi;resulting_autonomy;age_10;liver_disease;access_type";45;"ethnic;sex;diabetes_no_compl;diabetes_with_compl;chf;cardiovascular;peripheral_artery_disease;hypertension;COPD_lung;dementia;arthropathies;hepatitis_c;infarct;ulcer;cancer;benign_or_uncertain_tumor;cerebrovascular;cci;primary_renal_disease;albumin;calcium;calcXphosph;potassium;creatinine;ferritin;epogen_usage;access_problem;access_flow_poor;all_cramps;bp_problem;arterial_press_decreased;arterial_press_increased;multiple_needle_sticks;venous_press_increased;infiltration_needle;pain_chest;pain_leg;pain_elsewhere;nausea_vomiting;headache;bmi;resulting_autonomy;age_10;liver_disease;access_type";"all previous";"all previous"
"2015-07-30 18:28:19";"";0.746385229307158;"Generalized Linear Model";646;"False";"none: BUT MAURI FORMULA";"rfe";45;"ethnic;sex;diabetes_no_compl;diabetes_with_compl;chf;cardiovascular;peripheral_artery_disease;hypertension;COPD_lung;dementia;arthropathies;hepatitis_c;infarct;ulcer;cancer;benign_or_uncertain_tumor;cerebrovascular;cci;primary_renal_disease;albumin;calcium;calcXphosph;potassium;creatinine;ferritin;epogen_usage;access_problem;access_flow_poor;all_cramps;bp_problem;arterial_press_decreased;arterial_press_increased;multiple_needle_sticks;venous_press_increased;infiltration_needle;pain_chest;pain_leg;pain_elsewhere;nausea_vomiting;headache;bmi;resulting_autonomy;age_10;liver_disease;access_type";45;"ethnic;sex;diabetes_no_compl;diabetes_with_compl;chf;cardiovascular;peripheral_artery_disease;hypertension;COPD_lung;dementia;arthropathies;hepatitis_c;infarct;ulcer;cancer;benign_or_uncertain_tumor;cerebrovascular;cci;primary_renal_disease;albumin;calcium;calcXphosph;potassium;creatinine;ferritin;epogen_usage;access_problem;access_flow_poor;all_cramps;bp_problem;arterial_press_decreased;arterial_press_increased;multiple_needle_sticks;venous_press_increased;infiltration_needle;pain_chest;pain_leg;pain_elsewhere;nausea_vomiting;headache;bmi;resulting_autonomy;age_10;liver_disease;access_type";NA;"(Intercept);age_10;cancer1;sexM;COPD_lung1;liver_disease1;`access_typefistula/graft`;cardiovascular1;primary_renal_diseasediabetes;primary_renal_diseasehypertension;primary_renal_diseasesystemic;bmilow;resulting_autonomylimited;`resulting_autonomyspecial care`;`age_10:cancer1`;`access_typefistula/graft:cardiovascular1`;`access_typefistula/graft:bmilow`"
"2015-07-30 18:50:35";"";0.78671281679758;"Naive Bayes";646;"False";"TRUE";"rfe";45;"ethnic;sex;diabetes_no_compl;diabetes_with_compl;chf;cardiovascular;peripheral_artery_disease;hypertension;COPD_lung;dementia;arthropathies;hepatitis_c;infarct;ulcer;cancer;benign_or_uncertain_tumor;cerebrovascular;cci;primary_renal_disease;albumin;calcium;calcXphosph;potassium;creatinine;ferritin;epogen_usage;access_problem;access_flow_poor;all_cramps;bp_problem;arterial_press_decreased;arterial_press_increased;multiple_needle_sticks;venous_press_increased;infiltration_needle;pain_chest;pain_leg;pain_elsewhere;nausea_vomiting;headache;bmi;resulting_autonomy;age_10;liver_disease;access_type";45;"ethnic;sex;diabetes_no_compl;diabetes_with_compl;chf;cardiovascular;peripheral_artery_disease;hypertension;COPD_lung;dementia;arthropathies;hepatitis_c;infarct;ulcer;cancer;benign_or_uncertain_tumor;cerebrovascular;cci;primary_renal_disease;albumin;calcium;calcXphosph;potassium;creatinine;ferritin;epogen_usage;access_problem;access_flow_poor;all_cramps;bp_problem;arterial_press_decreased;arterial_press_increased;multiple_needle_sticks;venous_press_increased;infiltration_needle;pain_chest;pain_leg;pain_elsewhere;nausea_vomiting;headache;bmi;resulting_autonomy;age_10;liver_disease;access_type";"all previous";"all previous"
"2015-07-30 19:07:47";"";0.810868651238024;"Random Forest";648;"True";"mtry3";"rfe";45;"ethnic;sex;diabetes_no_compl;diabetes_with_compl;chf;cardiovascular;peripheral_artery_disease;hypertension;COPD_lung;dementia;arthropathies;hepatitis_c;infarct;ulcer;cancer;benign_or_uncertain_tumor;cerebrovascular;cci;primary_renal_disease;albumin;calcium;calcXphosph;potassium;creatinine;ferritin;epogen_usage;access_problem;access_flow_poor;all_cramps;bp_problem;arterial_press_decreased;arterial_press_increased;multiple_needle_sticks;venous_press_increased;infiltration_needle;pain_chest;pain_leg;pain_elsewhere;nausea_vomiting;headache;bmi;resulting_autonomy;age_10;liver_disease;access_type";45;"ethnic;sex;diabetes_no_compl;diabetes_with_compl;chf;cardiovascular;peripheral_artery_disease;hypertension;COPD_lung;dementia;arthropathies;hepatitis_c;infarct;ulcer;cancer;benign_or_uncertain_tumor;cerebrovascular;cci;primary_renal_disease;albumin;calcium;calcXphosph;potassium;creatinine;ferritin;epogen_usage;access_problem;access_flow_poor;all_cramps;bp_problem;arterial_press_decreased;arterial_press_increased;multiple_needle_sticks;venous_press_increased;infiltration_needle;pain_chest;pain_leg;pain_elsewhere;nausea_vomiting;headache;bmi;resulting_autonomy;age_10;liver_disease;access_type";"all previous";"all previous"
"2015-07-30 19:12:23";"";0.795126930802183;"Naive Bayes";648;"True";"LaPlace-correction=";"rfe";45;"ethnic;sex;diabetes_no_compl;diabetes_with_compl;chf;cardiovascular;peripheral_artery_disease;hypertension;COPD_lung;dementia;arthropathies;hepatitis_c;infarct;ulcer;cancer;benign_or_uncertain_tumor;cerebrovascular;cci;primary_renal_disease;albumin;calcium;calcXphosph;potassium;creatinine;ferritin;epogen_usage;access_problem;access_flow_poor;all_cramps;bp_problem;arterial_press_decreased;arterial_press_increased;multiple_needle_sticks;venous_press_increased;infiltration_needle;pain_chest;pain_leg;pain_elsewhere;nausea_vomiting;headache;bmi;resulting_autonomy;age_10;liver_disease;access_type";45;"ethnic;sex;diabetes_no_compl;diabetes_with_compl;chf;cardiovascular;peripheral_artery_disease;hypertension;COPD_lung;dementia;arthropathies;hepatitis_c;infarct;ulcer;cancer;benign_or_uncertain_tumor;cerebrovascular;cci;primary_renal_disease;albumin;calcium;calcXphosph;potassium;creatinine;ferritin;epogen_usage;access_problem;access_flow_poor;all_cramps;bp_problem;arterial_press_decreased;arterial_press_increased;multiple_needle_sticks;venous_press_increased;infiltration_needle;pain_chest;pain_leg;pain_elsewhere;nausea_vomiting;headache;bmi;resulting_autonomy;age_10;liver_disease;access_type";"all previous";"all previous"
"2015-07-30 19:12:23";"";0.795126930802183;"Naive Bayes";648;"True";"0";"rfe";45;"ethnic;sex;diabetes_no_compl;diabetes_with_compl;chf;cardiovascular;peripheral_artery_disease;hypertension;COPD_lung;dementia;arthropathies;hepatitis_c;infarct;ulcer;cancer;benign_or_uncertain_tumor;cerebrovascular;cci;primary_renal_disease;albumin;calcium;calcXphosph;potassium;creatinine;ferritin;epogen_usage;access_problem;access_flow_poor;all_cramps;bp_problem;arterial_press_decreased;arterial_press_increased;multiple_needle_sticks;venous_press_increased;infiltration_needle;pain_chest;pain_leg;pain_elsewhere;nausea_vomiting;headache;bmi;resulting_autonomy;age_10;liver_disease;access_type";45;"ethnic;sex;diabetes_no_compl;diabetes_with_compl;chf;cardiovascular;peripheral_artery_disease;hypertension;COPD_lung;dementia;arthropathies;hepatitis_c;infarct;ulcer;cancer;benign_or_uncertain_tumor;cerebrovascular;cci;primary_renal_disease;albumin;calcium;calcXphosph;potassium;creatinine;ferritin;epogen_usage;access_problem;access_flow_poor;all_cramps;bp_problem;arterial_press_decreased;arterial_press_increased;multiple_needle_sticks;venous_press_increased;infiltration_needle;pain_chest;pain_leg;pain_elsewhere;nausea_vomiting;headache;bmi;resulting_autonomy;age_10;liver_disease;access_type";"all previous";"all previous"
"2015-07-30 19:12:23";"";0.795126930802183;"Naive Bayes";648;"True";", useKernel=";"rfe";45;"ethnic;sex;diabetes_no_compl;diabetes_with_compl;chf;cardiovascular;peripheral_artery_disease;hypertension;COPD_lung;dementia;arthropathies;hepatitis_c;infarct;ulcer;cancer;benign_or_uncertain_tumor;cerebrovascular;cci;primary_renal_disease;albumin;calcium;calcXphosph;potassium;creatinine;ferritin;epogen_usage;access_problem;access_flow_poor;all_cramps;bp_problem;arterial_press_decreased;arterial_press_increased;multiple_needle_sticks;venous_press_increased;infiltration_needle;pain_chest;pain_leg;pain_elsewhere;nausea_vomiting;headache;bmi;resulting_autonomy;age_10;liver_disease;access_type";45;"ethnic;sex;diabetes_no_compl;diabetes_with_compl;chf;cardiovascular;peripheral_artery_disease;hypertension;COPD_lung;dementia;arthropathies;hepatitis_c;infarct;ulcer;cancer;benign_or_uncertain_tumor;cerebrovascular;cci;primary_renal_disease;albumin;calcium;calcXphosph;potassium;creatinine;ferritin;epogen_usage;access_problem;access_flow_poor;all_cramps;bp_problem;arterial_press_decreased;arterial_press_increased;multiple_needle_sticks;venous_press_increased;infiltration_needle;pain_chest;pain_leg;pain_elsewhere;nausea_vomiting;headache;bmi;resulting_autonomy;age_10;liver_disease;access_type";"all previous";"all previous"
"2015-07-30 19:12:23";"";0.795126930802183;"Naive Bayes";648;"True";"TRUE";"rfe";45;"ethnic;sex;diabetes_no_compl;diabetes_with_compl;chf;cardiovascular;peripheral_artery_disease;hypertension;COPD_lung;dementia;arthropathies;hepatitis_c;infarct;ulcer;cancer;benign_or_uncertain_tumor;cerebrovascular;cci;primary_renal_disease;albumin;calcium;calcXphosph;potassium;creatinine;ferritin;epogen_usage;access_problem;access_flow_poor;all_cramps;bp_problem;arterial_press_decreased;arterial_press_increased;multiple_needle_sticks;venous_press_increased;infiltration_needle;pain_chest;pain_leg;pain_elsewhere;nausea_vomiting;headache;bmi;resulting_autonomy;age_10;liver_disease;access_type";45;"ethnic;sex;diabetes_no_compl;diabetes_with_compl;chf;cardiovascular;peripheral_artery_disease;hypertension;COPD_lung;dementia;arthropathies;hepatitis_c;infarct;ulcer;cancer;benign_or_uncertain_tumor;cerebrovascular;cci;primary_renal_disease;albumin;calcium;calcXphosph;potassium;creatinine;ferritin;epogen_usage;access_problem;access_flow_poor;all_cramps;bp_problem;arterial_press_decreased;arterial_press_increased;multiple_needle_sticks;venous_press_increased;infiltration_needle;pain_chest;pain_leg;pain_elsewhere;nausea_vomiting;headache;bmi;resulting_autonomy;age_10;liver_disease;access_type";"all previous";"all previous"
"2015-07-30 20:17:35";"";0.739920636947322;"Random Forest";544;"True";"mtry3";"rfe";46;"ethnic;sex;diabetes_no_compl;diabetes_with_compl;chf;cardiovascular;peripheral_artery_disease;hypertension;COPD_lung;dementia;arthropathies;hepatitis_c;infarct;ulcer;cancer;benign_or_uncertain_tumor;cerebrovascular;cci;primary_renal_disease;albumin;calcium;calcXphosph;potassium;creatinine;ferritin;epogen_usage;access_problem;access_flow_poor;all_cramps;bp_problem;arterial_press_decreased;arterial_press_increased;multiple_needle_sticks;venous_press_increased;infiltration_needle;pain_chest;pain_leg;pain_elsewhere;nausea_vomiting;headache;bmi;resulting_autonomy;eGFR;age_10;liver_disease;access_type";45;"ethnic;sex;diabetes_with_compl;chf;cardiovascular;peripheral_artery_disease;hypertension;COPD_lung;dementia;arthropathies;hepatitis_c;infarct;ulcer;cancer;benign_or_uncertain_tumor;cerebrovascular;cci;primary_renal_disease;albumin;calcium;calcXphosph;potassium;creatinine;ferritin;epogen_usage;access_problem;access_flow_poor;all_cramps;bp_problem;arterial_press_decreased;arterial_press_increased;multiple_needle_sticks;venous_press_increased;infiltration_needle;pain_chest;pain_leg;pain_elsewhere;nausea_vomiting;headache;bmi;resulting_autonomy;eGFR;age_10;liver_disease;access_type";"all previous";"all previous"
"2015-07-31 08:28:56";"after 01_labs_closest_fdod";0.821034136281981;"Random Forest";825;"False";"mtry9";"rfe";43;"ethnic;sex;diabetes_no_compl;diabetes_with_compl;chf;cardiovascular;peripheral_artery_disease;hypertension;COPD_lung;dementia;arthropathies;hepatitis_c;infarct;ulcer;cancer;benign_or_uncertain_tumor;cerebrovascular;primary_renal_disease;hgb;albumin;calcium;calcXphosph;phosphorus;potassium;creatinine;epogen_usage;access_problem;access_flow_poor;all_cramps;bp_problem;arterial_press_decreased;arterial_press_increased;multiple_needle_sticks;venous_press_increased;infiltration_needle;pain_chest;pain_leg;pain_elsewhere;nausea_vomiting;headache;resulting_autonomy;age_10;liver_disease";43;"ethnic;sex;diabetes_no_compl;diabetes_with_compl;chf;cardiovascular;peripheral_artery_disease;hypertension;COPD_lung;dementia;arthropathies;hepatitis_c;infarct;ulcer;cancer;benign_or_uncertain_tumor;cerebrovascular;primary_renal_disease;hgb;albumin;calcium;calcXphosph;phosphorus;potassium;creatinine;epogen_usage;access_problem;access_flow_poor;all_cramps;bp_problem;arterial_press_decreased;arterial_press_increased;multiple_needle_sticks;venous_press_increased;infiltration_needle;pain_chest;pain_leg;pain_elsewhere;nausea_vomiting;headache;resulting_autonomy;age_10;liver_disease";"all previous";"all previous"
"2015-07-31 08:47:23";"after 01_labs_clostest_fdod";0.847267391999535;"Generalized Linear Model";825;"False";"none";"RFE";43;"ethnic;sex;diabetes_no_compl;diabetes_with_compl;chf;cardiovascular;peripheral_artery_disease;hypertension;COPD_lung;dementia;arthropathies;hepatitis_c;infarct;ulcer;cancer;benign_or_uncertain_tumor;cerebrovascular;primary_renal_disease;hgb;albumin;calcium;calcXphosph;phosphorus;potassium;creatinine;epogen_usage;access_problem;access_flow_poor;all_cramps;bp_problem;arterial_press_decreased;arterial_press_increased;multiple_needle_sticks;venous_press_increased;infiltration_needle;pain_chest;pain_leg;pain_elsewhere;nausea_vomiting;headache;resulting_autonomy;age_10;liver_disease";43;"ethnic;sex;diabetes_no_compl;diabetes_with_compl;chf;cardiovascular;peripheral_artery_disease;hypertension;COPD_lung;dementia;arthropathies;hepatitis_c;infarct;ulcer;cancer;benign_or_uncertain_tumor;cerebrovascular;primary_renal_disease;hgb;albumin;calcium;calcXphosph;phosphorus;potassium;creatinine;epogen_usage;access_problem;access_flow_poor;all_cramps;bp_problem;arterial_press_decreased;arterial_press_increased;multiple_needle_sticks;venous_press_increased;infiltration_needle;pain_chest;pain_leg;pain_elsewhere;nausea_vomiting;headache;resulting_autonomy;age_10;liver_disease";"21";"(Intercept);ethnicUnknown;ethnicWhite;cardiovascular1;hypertension1;primary_renal_diseasediabetes;primary_renal_diseasehypertension;primary_renal_diseasesystemic;albumin;calcium;calcXphosph;phosphorus;potassium;creatinine;epogen_usage1;bp_problem1;pain_leg1;pain_elsewhere1;resulting_autonomylimited;`resulting_autonomyspecial care`;age_10;liver_disease1"
"2015-07-31 08:58:30";"after 01_labs_clostest_fdod";0.818856320398038;"Random Forest";825;"True";"mtry5";"RFE";43;"ethnic;sex;diabetes_no_compl;diabetes_with_compl;chf;cardiovascular;peripheral_artery_disease;hypertension;COPD_lung;dementia;arthropathies;hepatitis_c;infarct;ulcer;cancer;benign_or_uncertain_tumor;cerebrovascular;primary_renal_disease;hgb;albumin;calcium;calcXphosph;phosphorus;potassium;creatinine;epogen_usage;access_problem;access_flow_poor;all_cramps;bp_problem;arterial_press_decreased;arterial_press_increased;multiple_needle_sticks;venous_press_increased;infiltration_needle;pain_chest;pain_leg;pain_elsewhere;nausea_vomiting;headache;resulting_autonomy;age_10;liver_disease";43;"ethnic;sex;diabetes_no_compl;diabetes_with_compl;chf;cardiovascular;peripheral_artery_disease;hypertension;COPD_lung;dementia;arthropathies;hepatitis_c;infarct;ulcer;cancer;benign_or_uncertain_tumor;cerebrovascular;primary_renal_disease;hgb;albumin;calcium;calcXphosph;phosphorus;potassium;creatinine;epogen_usage;access_problem;access_flow_poor;all_cramps;bp_problem;arterial_press_decreased;arterial_press_increased;multiple_needle_sticks;venous_press_increased;infiltration_needle;pain_chest;pain_leg;pain_elsewhere;nausea_vomiting;headache;resulting_autonomy;age_10;liver_disease";"all previous";"all previous"
"2015-07-31 08:59:54";"after 01_labs_clostest_fdod";0.841464556755505;"Generalized Linear Model";825;"True";"none";"RFE";43;"ethnic;sex;diabetes_no_compl;diabetes_with_compl;chf;cardiovascular;peripheral_artery_disease;hypertension;COPD_lung;dementia;arthropathies;hepatitis_c;infarct;ulcer;cancer;benign_or_uncertain_tumor;cerebrovascular;primary_renal_disease;hgb;albumin;calcium;calcXphosph;phosphorus;potassium;creatinine;epogen_usage;access_problem;access_flow_poor;all_cramps;bp_problem;arterial_press_decreased;arterial_press_increased;multiple_needle_sticks;venous_press_increased;infiltration_needle;pain_chest;pain_leg;pain_elsewhere;nausea_vomiting;headache;resulting_autonomy;age_10;liver_disease";43;"ethnic;sex;diabetes_no_compl;diabetes_with_compl;chf;cardiovascular;peripheral_artery_disease;hypertension;COPD_lung;dementia;arthropathies;hepatitis_c;infarct;ulcer;cancer;benign_or_uncertain_tumor;cerebrovascular;primary_renal_disease;hgb;albumin;calcium;calcXphosph;phosphorus;potassium;creatinine;epogen_usage;access_problem;access_flow_poor;all_cramps;bp_problem;arterial_press_decreased;arterial_press_increased;multiple_needle_sticks;venous_press_increased;infiltration_needle;pain_chest;pain_leg;pain_elsewhere;nausea_vomiting;headache;resulting_autonomy;age_10;liver_disease";"23";"(Intercept);ethnicUnknown;ethnicWhite;cardiovascular1;hypertension1;primary_renal_diseasediabetes;primary_renal_diseasehypertension;primary_renal_diseasesystemic;albumin;calciumin_range;calciumlow;calcXphosphin_range;phosphorusin_range;phosphoruslow;potassium;creatinine;epogen_usage1;bp_problem1;pain_leg1;pain_elsewhere1;resulting_autonomylimited;`resulting_autonomyspecial care`;age_10;liver_disease1"
"2015-07-31 09:27:18";"after 01_labs_clostest_fdod";0.79032663257509;"Naive Bayes";759;"False";"LaPlace-correction=";"RFE";45;"ethnic;sex;diabetes_no_compl;diabetes_with_compl;chf;cardiovascular;peripheral_artery_disease;hypertension;COPD_lung;dementia;arthropathies;hepatitis_c;infarct;ulcer;cancer;benign_or_uncertain_tumor;cerebrovascular;primary_renal_disease;hgb;albumin;calcium;calcXphosph;pth;phosphorus;potassium;creatinine;ferritin;epogen_usage;access_problem;access_flow_poor;all_cramps;bp_problem;arterial_press_decreased;arterial_press_increased;multiple_needle_sticks;venous_press_increased;infiltration_needle;pain_chest;pain_leg;pain_elsewhere;nausea_vomiting;headache;resulting_autonomy;age_10;liver_disease";45;"ethnic;sex;diabetes_no_compl;diabetes_with_compl;chf;cardiovascular;peripheral_artery_disease;hypertension;COPD_lung;dementia;arthropathies;hepatitis_c;infarct;ulcer;cancer;benign_or_uncertain_tumor;cerebrovascular;primary_renal_disease;hgb;albumin;calcium;calcXphosph;pth;phosphorus;potassium;creatinine;ferritin;epogen_usage;access_problem;access_flow_poor;all_cramps;bp_problem;arterial_press_decreased;arterial_press_increased;multiple_needle_sticks;venous_press_increased;infiltration_needle;pain_chest;pain_leg;pain_elsewhere;nausea_vomiting;headache;resulting_autonomy;age_10;liver_disease";"all previous";"all previous"
"2015-07-31 09:27:18";"after 01_labs_clostest_fdod";0.79032663257509;"Naive Bayes";759;"False";"0";"RFE";45;"ethnic;sex;diabetes_no_compl;diabetes_with_compl;chf;cardiovascular;peripheral_artery_disease;hypertension;COPD_lung;dementia;arthropathies;hepatitis_c;infarct;ulcer;cancer;benign_or_uncertain_tumor;cerebrovascular;primary_renal_disease;hgb;albumin;calcium;calcXphosph;pth;phosphorus;potassium;creatinine;ferritin;epogen_usage;access_problem;access_flow_poor;all_cramps;bp_problem;arterial_press_decreased;arterial_press_increased;multiple_needle_sticks;venous_press_increased;infiltration_needle;pain_chest;pain_leg;pain_elsewhere;nausea_vomiting;headache;resulting_autonomy;age_10;liver_disease";45;"ethnic;sex;diabetes_no_compl;diabetes_with_compl;chf;cardiovascular;peripheral_artery_disease;hypertension;COPD_lung;dementia;arthropathies;hepatitis_c;infarct;ulcer;cancer;benign_or_uncertain_tumor;cerebrovascular;primary_renal_disease;hgb;albumin;calcium;calcXphosph;pth;phosphorus;potassium;creatinine;ferritin;epogen_usage;access_problem;access_flow_poor;all_cramps;bp_problem;arterial_press_decreased;arterial_press_increased;multiple_needle_sticks;venous_press_increased;infiltration_needle;pain_chest;pain_leg;pain_elsewhere;nausea_vomiting;headache;resulting_autonomy;age_10;liver_disease";"all previous";"all previous"
"2015-07-31 09:27:18";"after 01_labs_clostest_fdod";0.79032663257509;"Naive Bayes";759;"False";", useKernel=";"RFE";45;"ethnic;sex;diabetes_no_compl;diabetes_with_compl;chf;cardiovascular;peripheral_artery_disease;hypertension;COPD_lung;dementia;arthropathies;hepatitis_c;infarct;ulcer;cancer;benign_or_uncertain_tumor;cerebrovascular;primary_renal_disease;hgb;albumin;calcium;calcXphosph;pth;phosphorus;potassium;creatinine;ferritin;epogen_usage;access_problem;access_flow_poor;all_cramps;bp_problem;arterial_press_decreased;arterial_press_increased;multiple_needle_sticks;venous_press_increased;infiltration_needle;pain_chest;pain_leg;pain_elsewhere;nausea_vomiting;headache;resulting_autonomy;age_10;liver_disease";45;"ethnic;sex;diabetes_no_compl;diabetes_with_compl;chf;cardiovascular;peripheral_artery_disease;hypertension;COPD_lung;dementia;arthropathies;hepatitis_c;infarct;ulcer;cancer;benign_or_uncertain_tumor;cerebrovascular;primary_renal_disease;hgb;albumin;calcium;calcXphosph;pth;phosphorus;potassium;creatinine;ferritin;epogen_usage;access_problem;access_flow_poor;all_cramps;bp_problem;arterial_press_decreased;arterial_press_increased;multiple_needle_sticks;venous_press_increased;infiltration_needle;pain_chest;pain_leg;pain_elsewhere;nausea_vomiting;headache;resulting_autonomy;age_10;liver_disease";"all previous";"all previous"
"2015-07-31 09:27:18";"after 01_labs_clostest_fdod";0.79032663257509;"Naive Bayes";759;"False";"TRUE";"RFE";45;"ethnic;sex;diabetes_no_compl;diabetes_with_compl;chf;cardiovascular;peripheral_artery_disease;hypertension;COPD_lung;dementia;arthropathies;hepatitis_c;infarct;ulcer;cancer;benign_or_uncertain_tumor;cerebrovascular;primary_renal_disease;hgb;albumin;calcium;calcXphosph;pth;phosphorus;potassium;creatinine;ferritin;epogen_usage;access_problem;access_flow_poor;all_cramps;bp_problem;arterial_press_decreased;arterial_press_increased;multiple_needle_sticks;venous_press_increased;infiltration_needle;pain_chest;pain_leg;pain_elsewhere;nausea_vomiting;headache;resulting_autonomy;age_10;liver_disease";45;"ethnic;sex;diabetes_no_compl;diabetes_with_compl;chf;cardiovascular;peripheral_artery_disease;hypertension;COPD_lung;dementia;arthropathies;hepatitis_c;infarct;ulcer;cancer;benign_or_uncertain_tumor;cerebrovascular;primary_renal_disease;hgb;albumin;calcium;calcXphosph;pth;phosphorus;potassium;creatinine;ferritin;epogen_usage;access_problem;access_flow_poor;all_cramps;bp_problem;arterial_press_decreased;arterial_press_increased;multiple_needle_sticks;venous_press_increased;infiltration_needle;pain_chest;pain_leg;pain_elsewhere;nausea_vomiting;headache;resulting_autonomy;age_10;liver_disease";"all previous";"all previous"
"2015-07-31 09:44:21";"pain feature combined";0.817343814661763;"Random Forest";759;"False";"mtry4";"rfe";43;"ethnic;sex;diabetes_no_compl;diabetes_with_compl;chf;cardiovascular;peripheral_artery_disease;hypertension;COPD_lung;dementia;arthropathies;hepatitis_c;infarct;ulcer;cancer;benign_or_uncertain_tumor;cerebrovascular;primary_renal_disease;hgb;albumin;calcium;calcXphosph;pth;phosphorus;potassium;creatinine;ferritin;epogen_usage;access_problem;access_flow_poor;all_cramps;bp_problem;arterial_press_decreased;arterial_press_increased;multiple_needle_sticks;venous_press_increased;infiltration_needle;nausea_vomiting;headache;resulting_autonomy;age_10;liver_disease;pain";35;"ethnic;sex;diabetes_with_compl;chf;cardiovascular;peripheral_artery_disease;hypertension;dementia;infarct;ulcer;cancer;benign_or_uncertain_tumor;cerebrovascular;primary_renal_disease;hgb;albumin;calcium;calcXphosph;pth;phosphorus;potassium;creatinine;ferritin;epogen_usage;access_problem;access_flow_poor;all_cramps;bp_problem;arterial_press_increased;multiple_needle_sticks;infiltration_needle;resulting_autonomy;age_10;liver_disease;pain";"all previous";"all previous"
"2015-07-31 10:10:27";"pain feature combined";0.838812814071422;"Generalized Linear Model";759;"False";"none";"rfe";43;"ethnic;sex;diabetes_no_compl;diabetes_with_compl;chf;cardiovascular;peripheral_artery_disease;hypertension;COPD_lung;dementia;arthropathies;hepatitis_c;infarct;ulcer;cancer;benign_or_uncertain_tumor;cerebrovascular;primary_renal_disease;hgb;albumin;calcium;calcXphosph;pth;phosphorus;potassium;creatinine;ferritin;epogen_usage;access_problem;access_flow_poor;all_cramps;bp_problem;arterial_press_decreased;arterial_press_increased;multiple_needle_sticks;venous_press_increased;infiltration_needle;nausea_vomiting;headache;resulting_autonomy;age_10;liver_disease;pain";35;"ethnic;sex;diabetes_with_compl;chf;cardiovascular;peripheral_artery_disease;hypertension;dementia;infarct;ulcer;cancer;benign_or_uncertain_tumor;cerebrovascular;primary_renal_disease;hgb;albumin;calcium;calcXphosph;pth;phosphorus;potassium;creatinine;ferritin;epogen_usage;access_problem;access_flow_poor;all_cramps;bp_problem;arterial_press_increased;multiple_needle_sticks;infiltration_needle;resulting_autonomy;age_10;liver_disease;pain";"20";"(Intercept);ethnicUnknown;ethnicWhite;cardiovascular1;peripheral_artery_disease1;hypertension1;primary_renal_diseasediabetes;primary_renal_diseasehypertension;primary_renal_diseasesystemic;albumin;calcium;calcXphosph;phosphorus;potassium;creatinine;epogen_usage1;resulting_autonomylimited;`resulting_autonomyspecial care`;age_10;liver_disease1;pain1"
"2015-07-31 12:01:31";"more ccis/comorbs (1st or 2nd months)";0.823385408174652;"Random Forest";759;"False";"mtry5";"rfe";46;"ethnic;sex;diabetes_no_compl;diabetes_with_compl;chf;cardiovascular;peripheral_artery_disease;hypertension;COPD_lung;dementia;arthropathies;hepatitis_c;infarct;ulcer;cancer;benign_or_uncertain_tumor;cerebrovascular;cci;primary_renal_disease;hgb;albumin;calcium;calcXphosph;pth;phosphorus;potassium;creatinine;ferritin;epogen_usage;access_problem;access_flow_poor;all_cramps;bp_problem;arterial_press_decreased;arterial_press_increased;multiple_needle_sticks;venous_press_increased;infiltration_needle;pain_chest;pain_leg;pain_elsewhere;nausea_vomiting;headache;resulting_autonomy;age_10;liver_disease";45;"ethnic;diabetes_no_compl;diabetes_with_compl;chf;cardiovascular;peripheral_artery_disease;hypertension;COPD_lung;dementia;arthropathies;hepatitis_c;infarct;ulcer;cancer;benign_or_uncertain_tumor;cerebrovascular;cci;primary_renal_disease;hgb;albumin;calcium;calcXphosph;pth;phosphorus;potassium;creatinine;ferritin;epogen_usage;access_problem;access_flow_poor;all_cramps;bp_problem;arterial_press_decreased;arterial_press_increased;multiple_needle_sticks;venous_press_increased;infiltration_needle;pain_chest;pain_leg;pain_elsewhere;nausea_vomiting;headache;resulting_autonomy;age_10;liver_disease";"all previous";"all previous"
"2015-07-31 12:05:13";"more ccis/comorbs (1st or 2nd months)";0.8401590412106;"Generalized Linear Model";759;"False";"none";"rfe";46;"ethnic;sex;diabetes_no_compl;diabetes_with_compl;chf;cardiovascular;peripheral_artery_disease;hypertension;COPD_lung;dementia;arthropathies;hepatitis_c;infarct;ulcer;cancer;benign_or_uncertain_tumor;cerebrovascular;cci;primary_renal_disease;hgb;albumin;calcium;calcXphosph;pth;phosphorus;potassium;creatinine;ferritin;epogen_usage;access_problem;access_flow_poor;all_cramps;bp_problem;arterial_press_decreased;arterial_press_increased;multiple_needle_sticks;venous_press_increased;infiltration_needle;pain_chest;pain_leg;pain_elsewhere;nausea_vomiting;headache;resulting_autonomy;age_10;liver_disease";45;"ethnic;diabetes_no_compl;diabetes_with_compl;chf;cardiovascular;peripheral_artery_disease;hypertension;COPD_lung;dementia;arthropathies;hepatitis_c;infarct;ulcer;cancer;benign_or_uncertain_tumor;cerebrovascular;cci;primary_renal_disease;hgb;albumin;calcium;calcXphosph;pth;phosphorus;potassium;creatinine;ferritin;epogen_usage;access_problem;access_flow_poor;all_cramps;bp_problem;arterial_press_decreased;arterial_press_increased;multiple_needle_sticks;venous_press_increased;infiltration_needle;pain_chest;pain_leg;pain_elsewhere;nausea_vomiting;headache;resulting_autonomy;age_10;liver_disease";"21";"(Intercept);ethnicUnknown;ethnicWhite;cardiovascular1;hypertension1;dementia1;primary_renal_diseasediabetes;primary_renal_diseasehypertension;primary_renal_diseasesystemic;albumin;calcium;calcXphosph;phosphorus;potassium;creatinine;epogen_usage1;pain_leg1;pain_elsewhere1;resulting_autonomylimited;`resulting_autonomyspecial care`;age_10;liver_disease1"
"2015-07-31 12:20:14";"more ccis/comorbs (1st or 2nd months)";0.827333444501519;"Random Forest";759;"False";"mtry3";"rfe";44;"ethnic;sex;diabetes_no_compl;diabetes_with_compl;chf;cardiovascular;peripheral_artery_disease;hypertension;COPD_lung;dementia;arthropathies;hepatitis_c;infarct;ulcer;cancer;benign_or_uncertain_tumor;cerebrovascular;cci;primary_renal_disease;hgb;albumin;calcium;calcXphosph;pth;phosphorus;potassium;creatinine;ferritin;epogen_usage;access_problem;access_flow_poor;all_cramps;bp_problem;arterial_press_decreased;arterial_press_increased;multiple_needle_sticks;venous_press_increased;infiltration_needle;nausea_vomiting;headache;resulting_autonomy;age_10;liver_disease;pain";30;"ethnic;diabetes_with_compl;chf;cardiovascular;peripheral_artery_disease;hypertension;dementia;ulcer;cancer;cci;primary_renal_disease;hgb;albumin;calcium;calcXphosph;pth;phosphorus;potassium;creatinine;ferritin;epogen_usage;access_flow_poor;all_cramps;bp_problem;arterial_press_increased;multiple_needle_sticks;resulting_autonomy;age_10;liver_disease;pain";"all previous";"all previous"
"2015-07-31 12:22:40";"more ccis/comorbs (1st or 2nd months)";0.843559525239438;"Generalized Linear Model";759;"False";"none";"rfe";44;"ethnic;sex;diabetes_no_compl;diabetes_with_compl;chf;cardiovascular;peripheral_artery_disease;hypertension;COPD_lung;dementia;arthropathies;hepatitis_c;infarct;ulcer;cancer;benign_or_uncertain_tumor;cerebrovascular;cci;primary_renal_disease;hgb;albumin;calcium;calcXphosph;pth;phosphorus;potassium;creatinine;ferritin;epogen_usage;access_problem;access_flow_poor;all_cramps;bp_problem;arterial_press_decreased;arterial_press_increased;multiple_needle_sticks;venous_press_increased;infiltration_needle;nausea_vomiting;headache;resulting_autonomy;age_10;liver_disease;pain";30;"ethnic;diabetes_with_compl;chf;cardiovascular;peripheral_artery_disease;hypertension;dementia;ulcer;cancer;cci;primary_renal_disease;hgb;albumin;calcium;calcXphosph;pth;phosphorus;potassium;creatinine;ferritin;epogen_usage;access_flow_poor;all_cramps;bp_problem;arterial_press_increased;multiple_needle_sticks;resulting_autonomy;age_10;liver_disease;pain";"20";"(Intercept);ethnicUnknown;ethnicWhite;cardiovascular1;hypertension1;dementia1;primary_renal_diseasediabetes;primary_renal_diseasehypertension;primary_renal_diseasesystemic;albumin;calcium;calcXphosph;phosphorus;potassium;creatinine;epogen_usage1;resulting_autonomylimited;`resulting_autonomyspecial care`;age_10;liver_disease1;pain1"
"2015-07-31 12:31:14";"exclude cci";0.829306448095531;"Random Forest";759;"False";"mtry3";"rfe";43;"ethnic;sex;diabetes_no_compl;diabetes_with_compl;chf;cardiovascular;peripheral_artery_disease;hypertension;COPD_lung;dementia;arthropathies;hepatitis_c;infarct;ulcer;cancer;benign_or_uncertain_tumor;cerebrovascular;primary_renal_disease;hgb;albumin;calcium;calcXphosph;pth;phosphorus;potassium;creatinine;ferritin;epogen_usage;access_problem;access_flow_poor;all_cramps;bp_problem;arterial_press_decreased;arterial_press_increased;multiple_needle_sticks;venous_press_increased;infiltration_needle;nausea_vomiting;headache;resulting_autonomy;age_10;liver_disease;pain";30;"ethnic;diabetes_with_compl;chf;cardiovascular;peripheral_artery_disease;hypertension;dementia;ulcer;cancer;primary_renal_disease;hgb;albumin;calcium;calcXphosph;pth;phosphorus;potassium;creatinine;ferritin;epogen_usage;access_problem;access_flow_poor;all_cramps;bp_problem;multiple_needle_sticks;infiltration_needle;resulting_autonomy;age_10;liver_disease;pain";"all previous";"all previous"
"2015-07-31 12:51:03";"exclude cci";0.829306448095531;"Random Forest";759;"False";"mtry3";"rfe";43;"ethnic;sex;diabetes_no_compl;diabetes_with_compl;chf;cardiovascular;peripheral_artery_disease;hypertension;COPD_lung;dementia;arthropathies;hepatitis_c;infarct;ulcer;cancer;benign_or_uncertain_tumor;cerebrovascular;primary_renal_disease;hgb;albumin;calcium;calcXphosph;pth;phosphorus;potassium;creatinine;ferritin;epogen_usage;access_problem;access_flow_poor;all_cramps;bp_problem;arterial_press_decreased;arterial_press_increased;multiple_needle_sticks;venous_press_increased;infiltration_needle;nausea_vomiting;headache;resulting_autonomy;age_10;liver_disease;pain";30;"ethnic;diabetes_with_compl;chf;cardiovascular;peripheral_artery_disease;hypertension;dementia;ulcer;cancer;primary_renal_disease;hgb;albumin;calcium;calcXphosph;pth;phosphorus;potassium;creatinine;ferritin;epogen_usage;access_problem;access_flow_poor;all_cramps;bp_problem;multiple_needle_sticks;infiltration_needle;resulting_autonomy;age_10;liver_disease;pain";"all previous";"all previous"
"2015-07-31 13:02:25";"include access_type";0.819253505933118;"Random Forest";737;"False";"mtry3";"rfe";44;"ethnic;sex;diabetes_no_compl;diabetes_with_compl;chf;cardiovascular;peripheral_artery_disease;hypertension;COPD_lung;dementia;arthropathies;hepatitis_c;infarct;ulcer;cancer;benign_or_uncertain_tumor;cerebrovascular;primary_renal_disease;hgb;albumin;calcium;calcXphosph;pth;phosphorus;potassium;creatinine;ferritin;epogen_usage;access_problem;access_flow_poor;all_cramps;bp_problem;arterial_press_decreased;arterial_press_increased;multiple_needle_sticks;venous_press_increased;infiltration_needle;nausea_vomiting;headache;resulting_autonomy;age_10;liver_disease;access_type;pain";44;"ethnic;sex;diabetes_no_compl;diabetes_with_compl;chf;cardiovascular;peripheral_artery_disease;hypertension;COPD_lung;dementia;arthropathies;hepatitis_c;infarct;ulcer;cancer;benign_or_uncertain_tumor;cerebrovascular;primary_renal_disease;hgb;albumin;calcium;calcXphosph;pth;phosphorus;potassium;creatinine;ferritin;epogen_usage;access_problem;access_flow_poor;all_cramps;bp_problem;arterial_press_decreased;arterial_press_increased;multiple_needle_sticks;venous_press_increased;infiltration_needle;nausea_vomiting;headache;resulting_autonomy;age_10;liver_disease;access_type;pain";"all previous";"all previous"
"2015-07-31 13:14:04";"include access_type";0.795241835834069;"Naive Bayes";737;"False";"LaPlace-correction= 0 , useKernel= TRUE";"rfe";44;"ethnic;sex;diabetes_no_compl;diabetes_with_compl;chf;cardiovascular;peripheral_artery_disease;hypertension;COPD_lung;dementia;arthropathies;hepatitis_c;infarct;ulcer;cancer;benign_or_uncertain_tumor;cerebrovascular;primary_renal_disease;hgb;albumin;calcium;calcXphosph;pth;phosphorus;potassium;creatinine;ferritin;epogen_usage;access_problem;access_flow_poor;all_cramps;bp_problem;arterial_press_decreased;arterial_press_increased;multiple_needle_sticks;venous_press_increased;infiltration_needle;nausea_vomiting;headache;resulting_autonomy;age_10;liver_disease;access_type;pain";44;"ethnic;sex;diabetes_no_compl;diabetes_with_compl;chf;cardiovascular;peripheral_artery_disease;hypertension;COPD_lung;dementia;arthropathies;hepatitis_c;infarct;ulcer;cancer;benign_or_uncertain_tumor;cerebrovascular;primary_renal_disease;hgb;albumin;calcium;calcXphosph;pth;phosphorus;potassium;creatinine;ferritin;epogen_usage;access_problem;access_flow_poor;all_cramps;bp_problem;arterial_press_decreased;arterial_press_increased;multiple_needle_sticks;venous_press_increased;infiltration_needle;nausea_vomiting;headache;resulting_autonomy;age_10;liver_disease;access_type;pain";"all previous";"all previous"
"2015-07-31 13:35:16";"exclude phosphorus";0.822784985780131;"Random Forest";737;"False";"mtry3";"rfe";43;"ethnic;sex;diabetes_no_compl;diabetes_with_compl;chf;cardiovascular;peripheral_artery_disease;hypertension;COPD_lung;dementia;arthropathies;hepatitis_c;infarct;ulcer;cancer;benign_or_uncertain_tumor;cerebrovascular;primary_renal_disease;hgb;albumin;calcium;calcXphosph;pth;potassium;creatinine;ferritin;epogen_usage;access_problem;access_flow_poor;all_cramps;bp_problem;arterial_press_decreased;arterial_press_increased;multiple_needle_sticks;venous_press_increased;infiltration_needle;nausea_vomiting;headache;resulting_autonomy;age_10;liver_disease;access_type;pain";35;"ethnic;diabetes_no_compl;diabetes_with_compl;chf;cardiovascular;peripheral_artery_disease;hypertension;dementia;arthropathies;ulcer;cancer;benign_or_uncertain_tumor;primary_renal_disease;hgb;albumin;calcium;calcXphosph;pth;potassium;creatinine;ferritin;epogen_usage;access_problem;access_flow_poor;all_cramps;bp_problem;multiple_needle_sticks;infiltration_needle;nausea_vomiting;headache;resulting_autonomy;age_10;liver_disease;access_type;pain";"all previous";"all previous"
"2015-07-31 14:16:32";"combine venous/art pressurce increased";0.823543395116211;"Random Forest";737;"False";"mtry3";"rfe";42;"ethnic;sex;diabetes_no_compl;diabetes_with_compl;chf;cardiovascular;peripheral_artery_disease;hypertension;COPD_lung;dementia;arthropathies;hepatitis_c;infarct;ulcer;cancer;benign_or_uncertain_tumor;cerebrovascular;primary_renal_disease;hgb;albumin;calcium;calcXphosph;pth;potassium;creatinine;ferritin;epogen_usage;access_problem;access_flow_poor;all_cramps;bp_problem;arterial_press_decreased;multiple_needle_sticks;infiltration_needle;nausea_vomiting;headache;resulting_autonomy;age_10;liver_disease;access_type;pain;art_ven_pressure_increased";35;"ethnic;diabetes_with_compl;chf;cardiovascular;peripheral_artery_disease;hypertension;dementia;arthropathies;infarct;ulcer;cancer;benign_or_uncertain_tumor;cerebrovascular;primary_renal_disease;hgb;albumin;calcium;calcXphosph;pth;potassium;creatinine;ferritin;epogen_usage;access_problem;access_flow_poor;all_cramps;bp_problem;multiple_needle_sticks;infiltration_needle;headache;resulting_autonomy;age_10;liver_disease;access_type;pain";"all previous";"all previous"
"2015-07-31 14:22:33";"combine venous/art pressurce increased";0.838080710012749;"Generalized Linear Model";737;"False";"none";"rfe";42;"ethnic;sex;diabetes_no_compl;diabetes_with_compl;chf;cardiovascular;peripheral_artery_disease;hypertension;COPD_lung;dementia;arthropathies;hepatitis_c;infarct;ulcer;cancer;benign_or_uncertain_tumor;cerebrovascular;primary_renal_disease;hgb;albumin;calcium;calcXphosph;pth;potassium;creatinine;ferritin;epogen_usage;access_problem;access_flow_poor;all_cramps;bp_problem;arterial_press_decreased;multiple_needle_sticks;infiltration_needle;nausea_vomiting;headache;resulting_autonomy;age_10;liver_disease;access_type;pain;art_ven_pressure_increased";35;"ethnic;diabetes_with_compl;chf;cardiovascular;peripheral_artery_disease;hypertension;dementia;arthropathies;infarct;ulcer;cancer;benign_or_uncertain_tumor;cerebrovascular;primary_renal_disease;hgb;albumin;calcium;calcXphosph;pth;potassium;creatinine;ferritin;epogen_usage;access_problem;access_flow_poor;all_cramps;bp_problem;multiple_needle_sticks;infiltration_needle;headache;resulting_autonomy;age_10;liver_disease;access_type;pain";"19";"(Intercept);ethnicUnknown;ethnicWhite;cardiovascular1;hypertension1;dementia1;ulcer1;primary_renal_diseasediabetes;primary_renal_diseasehypertension;primary_renal_diseasesystemic;albumin;potassium;creatinine;epogen_usage1;access_flow_poor1;resulting_autonomylimited;`resulting_autonomyspecial care`;age_10;liver_disease1;pain1"
"2015-07-31 14:37:46";"features with markov blanket";0.838080710012749;"Generalized Linear Model";737;"False";"none";"rfe";42;"ethnic;sex;diabetes_no_compl;diabetes_with_compl;chf;cardiovascular;peripheral_artery_disease;hypertension;COPD_lung;dementia;arthropathies;hepatitis_c;infarct;ulcer;cancer;benign_or_uncertain_tumor;cerebrovascular;primary_renal_disease;hgb;albumin;calcium;calcXphosph;pth;potassium;creatinine;ferritin;epogen_usage;access_problem;access_flow_poor;all_cramps;bp_problem;arterial_press_decreased;multiple_needle_sticks;infiltration_needle;nausea_vomiting;headache;resulting_autonomy;age_10;liver_disease;access_type;pain;art_ven_pressure_increased";35;"ethnic;diabetes_with_compl;chf;cardiovascular;peripheral_artery_disease;hypertension;dementia;arthropathies;infarct;ulcer;cancer;benign_or_uncertain_tumor;cerebrovascular;primary_renal_disease;hgb;albumin;calcium;calcXphosph;pth;potassium;creatinine;ferritin;epogen_usage;access_problem;access_flow_poor;all_cramps;bp_problem;multiple_needle_sticks;infiltration_needle;headache;resulting_autonomy;age_10;liver_disease;access_type;pain";"19";"(Intercept);ethnicUnknown;ethnicWhite;cardiovascular1;hypertension1;dementia1;ulcer1;primary_renal_diseasediabetes;primary_renal_diseasehypertension;primary_renal_diseasesystemic;albumin;potassium;creatinine;epogen_usage1;access_flow_poor1;resulting_autonomylimited;`resulting_autonomyspecial care`;age_10;liver_disease1;pain1"
"2015-07-31 14:39:03";"markov blanket for feature selection";0.788864960282436;"Naive Bayes";737;"False";"LaPlace-correction= 0 , useKernel= FALSE";"rfe";42;"ethnic;sex;diabetes_no_compl;diabetes_with_compl;chf;cardiovascular;peripheral_artery_disease;hypertension;COPD_lung;dementia;arthropathies;hepatitis_c;infarct;ulcer;cancer;benign_or_uncertain_tumor;cerebrovascular;primary_renal_disease;hgb;albumin;calcium;calcXphosph;pth;potassium;creatinine;ferritin;epogen_usage;access_problem;access_flow_poor;all_cramps;bp_problem;arterial_press_decreased;multiple_needle_sticks;infiltration_needle;nausea_vomiting;headache;resulting_autonomy;age_10;liver_disease;access_type;pain;art_ven_pressure_increased";35;"ethnic;diabetes_with_compl;chf;cardiovascular;peripheral_artery_disease;hypertension;dementia;arthropathies;infarct;ulcer;cancer;benign_or_uncertain_tumor;cerebrovascular;primary_renal_disease;hgb;albumin;calcium;calcXphosph;pth;potassium;creatinine;ferritin;epogen_usage;access_problem;access_flow_poor;all_cramps;bp_problem;multiple_needle_sticks;infiltration_needle;headache;resulting_autonomy;age_10;liver_disease;access_type;pain";"all previous";"thnic+hypertension+pth+albumin+ferritin+age_10+potassium+creatinine"
"2015-07-31 14:42:50";" ";0.803734627831715;"Support Vector Machines with Linear Kernel";737;"False";"LaPlace-correction= 0 , useKernel= FALSE";"rfe";42;"ethnic;sex;diabetes_no_compl;diabetes_with_compl;chf;cardiovascular;peripheral_artery_disease;hypertension;COPD_lung;dementia;arthropathies;hepatitis_c;infarct;ulcer;cancer;benign_or_uncertain_tumor;cerebrovascular;primary_renal_disease;hgb;albumin;calcium;calcXphosph;pth;potassium;creatinine;ferritin;epogen_usage;access_problem;access_flow_poor;all_cramps;bp_problem;arterial_press_decreased;multiple_needle_sticks;infiltration_needle;nausea_vomiting;headache;resulting_autonomy;age_10;liver_disease;access_type;pain;art_ven_pressure_increased";35;"ethnic;diabetes_with_compl;chf;cardiovascular;peripheral_artery_disease;hypertension;dementia;arthropathies;infarct;ulcer;cancer;benign_or_uncertain_tumor;cerebrovascular;primary_renal_disease;hgb;albumin;calcium;calcXphosph;pth;potassium;creatinine;ferritin;epogen_usage;access_problem;access_flow_poor;all_cramps;bp_problem;multiple_needle_sticks;infiltration_needle;headache;resulting_autonomy;age_10;liver_disease;access_type;pain";"all previous";"all previous"
"2015-08-02 13:13:57";"markov blanket for feature selection";0.790697950377562;"Generalized Linear Model";737;"False";"none";"rfe";42;"sex;diabetes_no_compl;diabetes_with_compl;chf;cardiovascular;peripheral_artery_disease;hypertension;COPD_lung;dementia;arthropathies;hepatitis_c;infarct;ulcer;cancer;benign_or_uncertain_tumor;cerebrovascular;cci;primary_renal_disease;hgb;albumin;calcium;calcXphosph;pth;potassium;creatinine;ferritin;epogen_usage;access_problem;access_flow_poor;all_cramps;bp_problem;arterial_press_decreased;multiple_needle_sticks;infiltration_needle;nausea_vomiting;headache;resulting_autonomy;age_10;liver_disease;access_type;pain;art_ven_pressure_increased";42;"sex;diabetes_no_compl;diabetes_with_compl;chf;cardiovascular;peripheral_artery_disease;hypertension;COPD_lung;dementia;arthropathies;hepatitis_c;infarct;ulcer;cancer;benign_or_uncertain_tumor;cerebrovascular;cci;primary_renal_disease;hgb;albumin;calcium;calcXphosph;pth;potassium;creatinine;ferritin;epogen_usage;access_problem;access_flow_poor;all_cramps;bp_problem;arterial_press_decreased;multiple_needle_sticks;infiltration_needle;nausea_vomiting;headache;resulting_autonomy;age_10;liver_disease;access_type;pain;art_ven_pressure_increased";"15";"(Intercept);diabetes_with_compl1;cardiovascular1;hypertension1;ulcer1;albumin;potassium;creatinine;access_flow_poor1;bp_problem1;resulting_autonomylimited;`resulting_autonomyspecial care`;age_10;liver_disease1;`access_typefistula/graft_ready`;pain1"
"2015-08-03 15:12:05";"markov blanket for feature selection";0.830442924389526;"Random Forest";737;"False";"mtry7";"rfe";44;"ethnic;sex;diabetes_no_compl;diabetes_with_compl;chf;cardiovascular;peripheral_artery_disease;hypertension;COPD_lung;dementia;arthropathies;hepatitis_c;infarct;ulcer;cancer;benign_or_uncertain_tumor;cerebrovascular;cci;primary_renal_disease;hgb;albumin;calcium;calcXphosph;pth;potassium;creatinine;ferritin;epogen_usage;access_problem;access_flow_poor;all_cramps;bp_problem;arterial_press_decreased;multiple_needle_sticks;infiltration_needle;nausea_vomiting;headache;resulting_autonomy;age_10;liver_disease;access_type;pain;art_ven_pressure_increased;start_year";40;"ethnic;sex;diabetes_with_compl;chf;cardiovascular;peripheral_artery_disease;hypertension;COPD_lung;dementia;arthropathies;infarct;ulcer;cancer;benign_or_uncertain_tumor;cerebrovascular;cci;primary_renal_disease;hgb;albumin;calcium;calcXphosph;pth;potassium;creatinine;ferritin;epogen_usage;access_problem;access_flow_poor;all_cramps;bp_problem;arterial_press_decreased;multiple_needle_sticks;nausea_vomiting;headache;resulting_autonomy;age_10;liver_disease;access_type;pain;start_year";"all previous";"all previous"
"2015-08-03 15:21:49";"markov blanket for feature selection";0.830442924389526;"Random Forest";737;"False";"mtry7";"rfe";44;"ethnic;sex;diabetes_no_compl;diabetes_with_compl;chf;cardiovascular;peripheral_artery_disease;hypertension;COPD_lung;dementia;arthropathies;hepatitis_c;infarct;ulcer;cancer;benign_or_uncertain_tumor;cerebrovascular;cci;primary_renal_disease;hgb;albumin;calcium;calcXphosph;pth;potassium;creatinine;ferritin;epogen_usage;access_problem;access_flow_poor;all_cramps;bp_problem;arterial_press_decreased;multiple_needle_sticks;infiltration_needle;nausea_vomiting;headache;resulting_autonomy;age_10;liver_disease;access_type;pain;art_ven_pressure_increased;start_year";40;"ethnic;sex;diabetes_with_compl;chf;cardiovascular;peripheral_artery_disease;hypertension;COPD_lung;dementia;arthropathies;infarct;ulcer;cancer;benign_or_uncertain_tumor;cerebrovascular;cci;primary_renal_disease;hgb;albumin;calcium;calcXphosph;pth;potassium;creatinine;ferritin;epogen_usage;access_problem;access_flow_poor;all_cramps;bp_problem;arterial_press_decreased;multiple_needle_sticks;nausea_vomiting;headache;resulting_autonomy;age_10;liver_disease;access_type;pain;start_year";"all previous";"all previous"
